customer_id,customer_name,email
1,William Douglas,judithpugh@yahoo.com
2,Dean Joyce,bevans@andrews.com
3,Joshua Rivera,yholmes@valentine.net
4,Matthew Martinez,briangutierrez@miller-martinez.com
5,Shelly Pham,ohernandez@yahoo.com
6,Ryan Pruitt,deborah92@miller-hicks.com
7,Janet Little,boothjames@harrell.info
8,Timothy Stark,nelsonryan@booker.info
9,Jared Lambert,isaac63@hotmail.com
10,Sarah Blevins,morenoanthony@sullivan-dorsey.com
11,Kelly Carlson,vincent89@gmail.com
12,Linda Mack,apage@flores.com
13,Anna Parker,reynoldsalexandra@gmail.com
14,William Davidson,chadhayden@hotmail.com
15,Morgan Li,josephodom@collins.info
16,Daniel Jones,stephensanna@hotmail.com
17,Joshua Brown,nathanielwilson@yahoo.com
18,Kimberly Huffman,gerald58@hamilton-wells.com
19,Susan Suarez,ryan69@yahoo.com
20,Joshua Clayton,belliott@krause-townsend.org
21,James Coleman,martintony@hubbard.net
22,David Castaneda,smithjill@hotmail.com
23,Valerie Little,benjamin44@gmail.com
24,Tyler Le,suarezsteven@bell.org
25,Julie Garrett,amber06@marquez.com
26,Caitlin Mcclain,jacob25@yahoo.com
27,Mr. Wesley Schroeder Jr.,medinabrandi@ross-jackson.com
28,Jonathan Perkins,erika38@hughes.info
29,Tyler Hicks,dustinblair@yahoo.com
30,Nancy Torres,jermaine10@hotmail.com
31,Anthony Bowers,dunndonna@kirk.com
32,Mary Rangel,curtiscabrera@yahoo.com
33,Brett Jenkins,xsweeney@horn.com
34,Miss Jessica King MD,martinclaudia@hotmail.com
35,Timothy Meyers,natalie36@greene.com
36,David Greene,torresnathan@hotmail.com
37,Kenneth Smith,obanks@hotmail.com
38,Christopher Thompson,fordlauren@gmail.com
39,Jasmine Montes,johnkim@hotmail.com
40,Elizabeth Mercer,mjoseph@russell-dodson.biz
41,Jose Chambers,mark46@payne.com
42,Frank Thomas,kgonzalez@gmail.com
43,Dr. Joseph Patterson Jr.,dsanders@pineda.com
44,Michelle Jones,daniellee@gmail.com
45,Curtis Beck,cynthiarichardson@hotmail.com
46,Lindsey Marquez MD,jasonrios@whitney.biz
47,Christopher Bowman,ryanhill@nichols-boyle.net
48,James Anderson,cmoore@yahoo.com
49,Ashley Foster,ehouston@hotmail.com
50,Michelle Smith,whernandez@hotmail.com
51,Mr. Charles Haney,kevin75@lee.org
52,Todd Perry,raven89@hotmail.com
53,Anthony Sullivan,scott53@black-grant.com
54,Julie Holmes,martinezpaul@gmail.com
55,Roger Miller,elliottraymond@gmail.com
56,Olivia Wu,kevin33@hotmail.com
57,Sierra Mays,jcantu@york.com
58,Amanda Cervantes,evan10@hunt.net
59,Angela Johnson,glivingston@yahoo.com
60,Ruth Rhodes,cranetracy@sharp.com
61,Kellie Moore,hsnyder@dodson.net
62,Erik Boone,kevin87@gmail.com
63,Gary Allen,sherry93@hotmail.com
64,Stephanie Foster,fosterjoshua@rose.com
65,Ms. Karen Proctor,lleach@yahoo.com
66,Tina Knight,vadams@anderson.com
67,Beth Hart MD,valvarez@gmail.com
68,Eric Gardner,daniellefoster@hotmail.com
69,Andrea Kane,bridget11@cruz-collins.com
70,Martha Jackson,chelseamcfarland@powell.org
71,Jennifer Jones,sarahsharp@yahoo.com
72,Erica Mcdonald,jennifer31@robinson-anderson.org
73,Carrie Ware,jasongalvan@yahoo.com
74,Christopher Ortiz,jscott@hotmail.com
75,Michael Jennings,davidsalas@henry.com
76,Wyatt Carter,juliafrost@gmail.com
77,Dr. Kenneth Foley,apotts@gmail.com
78,Lisa Moore,delgadomargaret@hartman.com
79,Michael Bell,sthompson@gmail.com
80,Michelle Mays,sandersmary@clark-ponce.info
81,Carla Chang,navarroemily@wolfe.net
82,Christina Garcia,johnjacobson@esparza.com
83,Nicholas Goodwin,timothy72@gmail.com
84,Rachel Madden,colemanthomas@banks.com
85,Shelley Sullivan,tjohnson@yahoo.com
86,Riley Hall,victoriameyer@yahoo.com
87,Mr. Michael Gregory,douglasmurray@hammond.info
88,Dr. Tonya Gutierrez,veronicalogan@johnson-thornton.com
89,Gary Lawson,keith09@hotmail.com
90,Linda Robinson,jacksonleslie@yahoo.com
91,Lisa Lee,erichammond@yahoo.com
92,Brianna Hogan,dianemartin@martinez.com
93,Brandon Curry,angelabaker@hotmail.com
94,Samuel Walker,wrodriguez@hotmail.com
95,Tara Hughes,ashleywilliams@hotmail.com
96,David White,charrison@kerr.biz
97,Ariel Jackson,kristenestrada@bell-martinez.com
98,Chelsea Rice,jennifer39@le.org
99,Dominique Davenport,mariecasey@fischer.com
100,James King,steincassandra@yahoo.com
101,Kevin Rivas,breannaanderson@ramirez.com
102,Marcus Henderson MD,christopherwilkinson@gmail.com
103,Anthony Brown,margaret12@delgado.com
104,Abigail Lindsey,nicolesnyder@yahoo.com
105,Jennifer Curtis,westalex@jones.com
106,Jennifer Palmer,sherrihernandez@hotmail.com
107,Phillip Henry,millerdiana@hotmail.com
108,John Pena,omcintyre@yahoo.com
109,Samuel Marquez,chanadam@robertson.biz
110,Andrew Rivera,brownryan@wells.com
111,Mrs. Amy Fox,mirandanelson@yahoo.com
112,Thomas Carter,pnoble@gmail.com
113,Christopher Nguyen,loriduffy@hunter.com
114,Andrea Hicks,eileennielsen@ibarra.com
115,Penny Mcknight,kayla47@gallagher.com
116,Mr. Robert Walker,dmyers@burch.net
117,Phyllis Holt,ocampbell@hamilton.net
118,Vanessa Alexander,kathryn36@campbell.com
119,Katrina Gill,robert74@yahoo.com
120,Richard Wood,lambtheresa@larson.com
121,Amy Shah,robertskatherine@chambers.net
122,Miranda Davis,kdavidson@horton-ryan.com
123,Roberta Soto,ricky47@thompson.info
124,Justin White,colemanjoshua@rogers.org
125,John Conley,saundersmichael@yahoo.com
126,Cynthia Zamora,patrickharris@jackson.org
127,Matthew Harris,brittany19@conway.biz
128,Aaron Williams,james80@horne.info
129,Joshua Miller,barbara84@hotmail.com
130,Oscar Tate,xhernandez@white.com
131,Rebecca Chung,christopherhaney@yahoo.com
132,Ashley Gillespie,ahart@taylor-carter.com
133,Cynthia Stuart,lestacey@alvarez.com
134,Rebecca Carrillo,sherri58@yahoo.com
135,Shannon Henson,jamesgarcia@mosley.org
136,Brian Lamb,melendezerika@peterson-jones.com
137,Alyssa Webb,lunamichael@yahoo.com
138,Wendy Rodriguez,ronald44@bates.info
139,Jeremy Cabrera,christinaoneill@wood.info
140,Sandra Carlson,ericwilson@gmail.com
141,Margaret Jones,josephallen@yahoo.com
142,Rebecca Jimenez,scarroll@klein-davis.net
143,Pamela Villanueva,carpenteranthony@floyd.com
144,Jessica Diaz,james44@hotmail.com
145,Patrick Webb,heidievans@burton.biz
146,Jennifer Wright,ijones@cameron-shaw.com
147,Jennifer Guzman,mroberts@donaldson.com
148,Terry Moore,yreynolds@hotmail.com
149,Wendy Johnson,micheleking@gmail.com
150,Kenneth Frederick,thomas67@yahoo.com
151,Robert Bell,fschaefer@gmail.com
152,Lisa Nguyen,patrickleonard@miller.biz
153,Justin Gillespie,benjaminvelasquez@ritter.com
154,Melanie Salazar,kariosborn@harvey-brown.com
155,Matthew Marshall,steven07@hotmail.com
156,Cynthia Reynolds,michelehughes@yahoo.com
157,Edwin Robinson,nmiller@gmail.com
158,Joshua Yoder,englishblake@yahoo.com
159,Nancy Taylor PhD,davidmassey@hotmail.com
160,Dr. Steve Stewart,melvingreen@nelson.com
161,Gina Taylor,rachael27@yahoo.com
162,Nathan Moore,montgomerybrian@gibbs.com
163,Nathan Carson,oharris@rivera-davis.com
164,Richard Leon,woodardstuart@hotmail.com
165,Edward Turner,crichardson@holmes.com
166,Hannah Lester,nlong@gmail.com
167,Kelsey Kennedy,georgegreene@lee.org
168,Kevin Townsend,dalexander@gmail.com
169,Christopher Brown,pallen@rivas-garcia.com
170,Michael Bridges,vgonzalez@cooper.com
171,Anne Hunt,dave19@gmail.com
172,Amanda Mejia,amber29@jacobs.com
173,Sharon Freeman,mcmahondiane@thompson.com
174,Melissa Jones,ygomez@yahoo.com
175,Jessica Washington,vbarber@hotmail.com
176,Ashley Leonard,jonesdaniel@yahoo.com
177,Michael Wilson,brittanypeterson@kennedy.com
178,Robert Molina,robertweiss@yahoo.com
179,Alexandria Mcdowell,carrie77@hamilton-wolf.com
180,Ricky Howard,houstondebra@evans.com
181,Megan Castillo,carlaowens@hotmail.com
182,Christine Barber,greengary@hotmail.com
183,Robert Parker,abigail19@thompson-brown.com
184,Jason Jackson,adam55@boyd.biz
185,Amy Rodriguez,deanchristopher@yahoo.com
186,Mr. William Fields,irobertson@watkins-simmons.com
187,Briana Decker,caseynathan@jackson.org
188,Juan Christian,anita22@hotmail.com
189,Benjamin Marshall,patrick36@gates.info
190,Jason Brown,ronald81@mckenzie.com
191,Christopher Porter MD,kylecarter@kaufman.com
192,Belinda Stuart,robinlam@yahoo.com
193,Joshua Davis,jamie09@gilmore-reed.com
194,Ernest Whitehead,ofreeman@yahoo.com
195,Tara White,brandonvelazquez@hotmail.com
196,David Silva,omann@hotmail.com
197,Meghan Miller,munozdouglas@french.com
198,Michael Brown,katelynho@white.com
199,Christopher Costa,xdavis@hotmail.com
200,Samantha Wright,crystal85@smith.com
201,Elizabeth Howard,qmiller@yahoo.com
202,Justin Davidson,umurphy@yahoo.com
203,Thomas Barnes,hartmancarlos@west.com
204,Charles Hatfield,lindsay69@gmail.com
205,Michele Padilla,wendywoodard@hotmail.com
206,Joy King,dholt@allen.net
207,Kristi Thompson,archerjamie@wilson.com
208,Derek Ramirez,jeffrey90@hotmail.com
209,Mark Thomas,hrussell@gmail.com
210,Peter Smith,yatesyvonne@sandoval.com
211,Becky Thompson,bradleysoto@gmail.com
212,Michael Harper,alison62@jones.com
213,Vicki Valenzuela,johnspears@watson.com
214,Steven Hoffman,bonnie97@adams.com
215,Carl Rogers,lauraperry@smith-cooper.com
216,Dana Collins,devingonzalez@yahoo.com
217,Shannon Morse,davisjoseph@hotmail.com
218,Jennifer Burton,jameserika@higgins.info
219,Michael Williams,bethanylynn@thornton.com
220,Sarah Ibarra,krystalreed@green.com
221,Kenneth Bentley,fbarrera@hotmail.com
222,Gary Brown,prattjoshua@williams.org
223,Charles Vaughn,sarah27@gmail.com
224,Shirley Richardson,schneideralison@weber.net
225,Bradley Riley,chanlisa@morris-gonzales.com
226,Danielle Jackson,hmclean@hotmail.com
227,Bruce Bradshaw,kyle05@hotmail.com
228,Lorraine Livingston,millerelizabeth@larson.com
229,Julia Knight,nunezwilliam@hotmail.com
230,Marcus Wood,hailey58@gmail.com
231,Susan Moore,vsmith@yahoo.com
232,Tracy Yang,geoffreyriley@clark-davis.com
233,Carl Carroll,michaelzuniga@kerr-powell.info
234,Christina Solomon,amanda67@hotmail.com
235,Angel Wilkinson,kendra60@perez.com
236,Charles Wright,ericksonjennifer@hotmail.com
237,Jennifer Hill,jacksonjohn@austin-campbell.com
238,Sarah Hernandez MD,johnny43@yahoo.com
239,Stacey Smith,igardner@garcia-torres.org
240,Kelly Madden,anne71@gmail.com
241,Megan Davis,boyderin@washington.biz
242,Jessica Johnson,jerrygomez@hoover.com
243,Zachary Ryan,jamesstewart@yahoo.com
244,Zachary Murphy,nancy31@hotmail.com
245,Cheryl Williams,cindywatkins@fisher.com
246,Nicole Arnold,michaelhall@gmail.com
247,Scott Johnson,jeffreywebb@turner.com
248,James Harding,paulhall@doyle-barber.info
249,Destiny Edwards,xstewart@jacobs.net
250,Dr. Sara Robinson,qpearson@yahoo.com
251,Abigail Reid,larry97@parrish-owens.biz
252,Mindy Curtis,taylorjacob@giles.com
253,Wayne Mann,wrodriguez@gmail.com
254,Marvin Chavez,sandra36@hotmail.com
255,Daniel Mcknight,annette11@lawson.org
256,Timothy Rodriguez,shannon43@yahoo.com
257,Michelle Thomas DDS,kkelley@brown.com
258,Lori Mercado,ryanfarrell@patel-dudley.info
259,John Gordon,taylortyler@chavez.com
260,Joshua Hatfield,luke72@davis.biz
261,Peter Warren,qmcgee@roberts-ramirez.com
262,Ashley Murray,barbarawatson@kelly.info
263,Stephanie Pena,diamondbailey@yahoo.com
264,Patrick Adkins,jwalker@montgomery-harper.org
265,Derek Walters,michael78@suarez.org
266,Amy Hart,kevin77@duncan.com
267,William Santiago,garciaalex@hotmail.com
268,Johnny Marshall,tylerfranklin@gmail.com
269,Edward Soto,jenniferlewis@hotmail.com
270,Nicole Ortega,townsendheidi@price.com
271,Shari Green,radams@martinez.com
272,Kevin Cabrera,lstephens@hernandez.info
273,Dustin Olson,mannamy@hotmail.com
274,Tammy Schmidt,dhall@yahoo.com
275,Lauren Pittman,kristen22@west.com
276,Jordan Ellis DDS,josephortiz@boyd.org
277,Jessica Watson,kimryan@gmail.com
278,Erin Navarro,regina14@yahoo.com
279,Mark Garcia,ohoward@hotmail.com
280,Larry Johnson,mirandaburns@parker.net
281,Michael Ochoa,unolan@smith.com
282,Nicholas Wolfe,tanyaboyle@hotmail.com
283,Steven Walker,stuartbrandon@gmail.com
284,Julie Whitehead,moliver@gmail.com
285,Julie Mcdowell,emilymclean@gmail.com
286,Christina Mayo,victoria57@hotmail.com
287,Heidi Stanton,antoniowebster@hotmail.com
288,David Gaines,earl71@yahoo.com
289,Zachary Mccarthy,silvaraymond@carroll.com
290,Michelle Shaw,scottrodgers@gmail.com
291,David Cook,mary47@gmail.com
292,Susan Galloway,derrickgreene@smith-rojas.com
293,Joseph Payne,romeroaaron@yahoo.com
294,Melanie Coleman,cherylmartin@gmail.com
295,Travis Franklin,moorewilliam@garcia.com
296,Leah Bauer,cookgregory@gmail.com
297,Carlos Williams,kennedynicole@rios.net
298,Bradley Sanchez,becky32@gmail.com
299,Stephanie Smith,psteele@yahoo.com
300,Justin Smith,amanda59@hotmail.com
301,Madison Hurley,vellis@hotmail.com
302,Julia Brown,beaton@allen.com
303,Lisa Lambert,brian77@adams-hall.com
304,Ryan Walton,ggardner@humphrey.com
305,Diana Schmidt,larry13@yahoo.com
306,Natalie Davidson,hodgeschristine@hahn.com
307,Nathan Ashley,erinrobertson@hotmail.com
308,Kevin Roberts,fsullivan@yahoo.com
309,Kayla Newman,nathaniel96@brown.org
310,Donald Franklin,tim11@hotmail.com
311,Erin Clark,kolson@yahoo.com
312,Michele Edwards,jthompson@yahoo.com
313,Eric Mayo,arose@hernandez-knight.info
314,David Bell,tiffanyallen@yahoo.com
315,Marie Moore,saraherring@hotmail.com
316,Amanda Fletcher,smithbrandon@hotmail.com
317,Jack Phillips,hbradford@gmail.com
318,Gina Ross,danielle64@hotmail.com
319,Michael Mullins,connie22@gmail.com
320,Nicholas Williams,cmoody@yahoo.com
321,Morgan Mullins,zmoore@gmail.com
322,Michael Hall,martinheather@webster.info
323,Melissa Phillips,urodriguez@roberts-johnson.biz
324,Chad Roth,mario75@marshall.info
325,Bob Smith,katherinechoi@silva-morgan.com
326,William Brock,othompson@gmail.com
327,Beth Jones,martinezapril@jennings.com
328,Robert Martin,yolandabenitez@bryan-gross.com
329,Leah White,brandonruiz@patterson-harris.com
330,Sydney Clark,kennethfranklin@mitchell.com
331,Jessica Sanchez,nhernandez@ho-richardson.com
332,Alicia Fernandez,parkerluis@mcneil-peterson.com
333,Sandra Baldwin,smithray@howard.net
334,Michael Torres,gcarter@hotmail.com
335,Matthew Barajas,ramirezangela@gregory-michael.com
336,David Bond,asmith@huang-todd.com
337,Christopher Carpenter,lauramiller@gmail.com
338,Micheal Woods,jessica84@gmail.com
339,Jeremy Chapman,johnstonanthony@lin.net
340,Deborah Kennedy,martinmelanie@richmond.net
341,Jennifer Smith,rvaldez@thompson.com
342,Rebekah Wall,melodygriffin@gmail.com
343,Elizabeth Morgan,stacy95@yahoo.com
344,Kimberly Hopkins,peter77@harris.com
345,Kara Wyatt,brittneyhall@gmail.com
346,James Price,alejandro95@ball.com
347,Stacy Morales,dana44@perez.com
348,Debra Flowers,jonathanrush@boyer.com
349,Diane Moreno,ijohnston@gmail.com
350,Ashley Everett,rjohnson@yahoo.com
351,Krista Jones,james29@cross-bishop.com
352,Jeffrey Chen,acrawford@gmail.com
353,Patricia Ramirez,brettmorgan@hall-wilson.com
354,Nicholas Martinez,judithevans@gmail.com
355,Joshua Lynch,cobbcesar@joseph.com
356,Sandra Clarke,toni88@yahoo.com
357,Robert Fowler,allison68@hotmail.com
358,Heather Brown,savagejeffrey@hotmail.com
359,Kimberly Williams,pcherry@gmail.com
360,Rhonda Chavez,matthew71@yahoo.com
361,Aaron Palmer,scoleman@james-harvey.com
362,Roger Arnold,chelseachapman@long-clark.com
363,Jonathan Castro,mhiggins@gmail.com
364,Kimberly Hernandez,andrew12@hotmail.com
365,Antonio Griffin,joshuaware@matthews.org
366,Erika Ali,vwhite@wagner.info
367,Kimberly Miller,sandrathomas@hotmail.com
368,Pamela Ferguson,josephrichardson@gmail.com
369,William Johnson,mjohnson@rivera-gray.com
370,Kenneth Erickson,christinamiles@moore.net
371,Mrs. Patricia Ritter,perry57@gmail.com
372,Margaret Williams,rosalesashley@hotmail.com
373,Christopher Miller,rojassarah@davis.biz
374,Kristine May,austinamber@anderson.org
375,Debbie Jordan,bross@yahoo.com
376,Susan Sharp,paynemark@turner.com
377,Jacob French,catherinecochran@yahoo.com
378,Jacqueline Collins,sarahanderson@moore-wilson.com
379,Samuel Navarro,michaelrichardson@yahoo.com
380,Michelle Jones,lclark@charles.com
381,Kristen Molina,kenneth83@williams.com
382,Samantha Munoz,robert69@yahoo.com
383,Ryan Vega,mmccormick@yahoo.com
384,Ruth Davis,thomas39@gmail.com
385,Heather Walters,sarahparker@yahoo.com
386,Chris Walter,kwilliams@reyes-clark.biz
387,George Lopez,taylorphillips@gmail.com
388,Russell Hodge,eharvey@hotmail.com
389,Johnny Savage,gonzalezrichard@riddle-griffin.com
390,Patrick Juarez,jacobssheila@gmail.com
391,Alexa Norris MD,nancysmith@carey-hanna.com
392,Jeremy Morgan,jodimarquez@yahoo.com
393,Briana Macdonald,lindseyjose@ramirez-soto.com
394,James Fuller,sheryl65@lynn.com
395,Nathaniel Martinez,karenallen@yahoo.com
396,Jessica Harris,kingmelissa@taylor.org
397,Alyssa Moran,douglas36@hotmail.com
398,Benjamin Andrews,leslietaylor@gmail.com
399,Barry George,victoria32@gmail.com
400,Zachary Clay,mariachang@gmail.com
401,Patricia Gutierrez,chapmanlisa@gibson-bailey.info
402,Lauren Shepherd,dwade@hotmail.com
403,Dr. Eric Robinson,josephgarcia@mitchell.com
404,Brandon Taylor,joelfuller@meyer.com
405,Darius Williams,staceywoods@hunt.com
406,Steven Santos,bakercindy@nelson.biz
407,Rodney Johnson,cthomas@hotmail.com
408,Alexis Torres,benjaminhorn@williams.com
409,Melissa Hicks,danieldavidson@spence.com
410,Michelle Garcia,annrios@brown.net
411,James Johnson,zsmith@hotmail.com
412,Rachel Price,eric02@gmail.com
413,Michael Bridges,johnsonanthony@yahoo.com
414,William Mosley,cgomez@yahoo.com
415,Tracy Norton,davisphilip@bishop-hodge.com
416,Charles Marshall,bryan93@gmail.com
417,Eric White,mvargas@anderson.com
418,James Sherman,cray@buchanan.com
419,Tamara Haynes,jessicasmith@joseph-francis.com
420,Valerie Smith,rbeck@yahoo.com
421,Traci Ramirez,shane12@smith-gonzalez.com
422,Timothy Galvan,jose25@williams-white.com
423,Darryl Miller,lindseydavis@hotmail.com
424,Alex Sanders,amy66@gmail.com
425,Nicholas Swanson,millerlori@klein.com
426,Paul Davis,romanmichelle@gmail.com
427,Michael Lawrence,jay07@reyes-green.com
428,Mr. James Daniel MD,spotts@gmail.com
429,Charles Mcdonald,freyes@berry-hull.com
430,Alicia Turner,david71@vincent.com
431,Catherine Booth,rogersdeanna@smith.com
432,Steven Padilla,mitchelljoel@george-lewis.com
433,Christine Robles,pbowers@sullivan.com
434,Christopher Moore,rlambert@mcpherson.com
435,Joshua Hale,ronaldstewart@gmail.com
436,Gina Burns,copelandbrenda@cook.biz
437,Jonathan Chase,berrychristian@gmail.com
438,Tammy Mccarty,stephaniebrennan@young.com
439,Nicholas Williams,linda66@harris-yates.net
440,Amy Mcmillan,greenelaine@herrera.com
441,Sara Baker,finleyashley@yahoo.com
442,Mrs. Michelle Davis DDS,bradley17@hernandez-davila.net
443,Robin Johnson,ahorton@gmail.com
444,Jennifer Ryan,ashleekirby@roy-burch.com
445,Joshua Williams,wjohnston@yahoo.com
446,Andrew Bray,estradakristin@gmail.com
447,Nicole Stevenson,david30@knight-shaw.biz
448,Wanda Guerra,michael30@thomas.com
449,Elizabeth Collins,bbennett@cameron-mcpherson.com
450,Oscar Roberts,roberthall@hotmail.com
451,Jeremy Sexton,wvalenzuela@clark.com
452,Ruth Maynard,danielwest@hill.biz
453,Steven Hopkins,williamsjoshua@reyes-robinson.org
454,Ashley Clarke,timothyroach@carlson.com
455,Brandon Grimes,simmonsmaria@hernandez-mcbride.com
456,Julie Boyle,willisalan@yahoo.com
457,Mikayla Boyle,hogandaniel@knight.org
458,Michael Sanchez,clarence26@hotmail.com
459,Martha Ross,hwashington@gmail.com
460,Amy Gonzalez,richardgarcia@gmail.com
461,James Davis DDS,sandersrichard@hall-rosario.org
462,Danielle Lang,regina83@hotmail.com
463,Doris Spears,mjackson@hotmail.com
464,Danielle Schroeder,kelsey28@gross.com
465,Jesus Morris,michelleberger@mills.com
466,Benjamin Jackson,jacobkim@caldwell.biz
467,Jack Kelly,jacobsonchristine@hotmail.com
468,Jake Burke,ileach@hotmail.com
469,Mackenzie Bolton,jphillips@ruiz.com
470,April Vazquez,tuckeredward@gmail.com
471,Eric Mahoney,afrazier@ortiz-parker.org
472,Katie Keller,brianfields@durham.net
473,Heather Moore,emcdonald@shields.org
474,Brittany Solis,johnfrost@gmail.com
475,Michelle Chavez,sara41@henderson.net
476,Brandon Roman,nashlouis@gmail.com
477,Isabella Cox,qmartin@gmail.com
478,Sarah Farrell,xchen@jenkins.com
479,Ashley Allen,ramirezshannon@yahoo.com
480,James Reynolds,uhuffman@williams-irwin.com
481,Dr. Jackie Morgan,emason@yahoo.com
482,Travis Hunter,bwebb@schmitt-chambers.net
483,Elaine Dixon,wilsonalexandria@garcia.com
484,Daniel Cardenas,henrylawrence@yahoo.com
485,Amber Jensen,matthewzimmerman@peterson.biz
486,Samantha Burch,amcintyre@gmail.com
487,Isabel Moss,imitchell@yahoo.com
488,Cynthia Figueroa,stevendouglas@yahoo.com
489,Shane Jones,christopherhernandez@hotmail.com
490,Michael Ritter,dixondakota@rogers.org
491,Stephanie Austin,bellmonica@hotmail.com
492,Adrienne Wheeler,iwilliams@yahoo.com
493,Richard Fry,katherinedawson@mitchell-garcia.com
494,Kimberly Wood,jonathanspence@harmon.com
495,Kelly Davis,thomasjaime@torres-brown.com
496,Stephen Hodges,mmorton@schmidt-williams.com
497,Laurie Snyder,vvasquez@gmail.com
498,Jennifer Wood,jamieharrell@gmail.com
499,David Russell,chase06@hotmail.com
500,Joshua Adams,alison38@mckay.com
501,Christine Ferguson,keith43@yahoo.com
502,Justin Austin,anthony05@gmail.com
503,Andrew Long,hjackson@waters.com
504,Kevin Jones,dchen@yahoo.com
505,Crystal Foster,jamiegreen@vasquez.net
506,John Marshall,emilywoods@hotmail.com
507,Juan Henderson,icarlson@williams.com
508,Felicia Larson,stevengallagher@holland.com
509,Tabitha Jacobs,christopher64@hood.com
510,John Ellis,vthomas@gmail.com
511,Paula Cunningham,qhall@hotmail.com
512,Keith Brooks,millerpriscilla@zavala-jones.com
513,Rebecca Phillips,clinton26@mcintyre.com
514,Richard Barron,jamesshah@hotmail.com
515,Sherry Williams,isabelreeves@yahoo.com
516,Jane Gonzalez,ggarcia@hotmail.com
517,Bryan Dean,castroandrew@yahoo.com
518,Victoria Nelson,mkelly@gmail.com
519,Jason Brown,aramirez@hotmail.com
520,Megan Gomez,brittany16@gmail.com
521,Lisa Mcdonald,ndavis@craig-hartman.org
522,Anne Young,tannerramirez@garza.net
523,Gilbert Smith,swang@walker-smith.com
524,Brittany Williams,rcook@yahoo.com
525,Aaron Taylor,jerryrivera@simpson-adams.net
526,Michael Herrera,shannonschmidt@estrada.com
527,Timothy Mitchell,ybond@hotmail.com
528,Melissa Miles,xperez@hotmail.com
529,Laura Lindsey,jesse14@yahoo.com
530,Ryan Parker,ana43@bailey-davidson.org
531,John Allen,craig54@watson-lewis.com
532,Michael Wu,brownryan@wilkins.org
533,Eric Simpson,damon12@yahoo.com
534,Martin Graves,joannahughes@yahoo.com
535,Paul Adams,millerregina@webb-moore.com
536,Travis Murphy,mariamcdowell@gonzales.biz
537,Brian Lee,robertsonsusan@gmail.com
538,Patricia Washington,daniel68@yahoo.com
539,James Clark,sdaugherty@peterson-wilkerson.com
540,Lindsay Robles,obeck@nelson.com
541,Mrs. Kaitlyn Ballard,annetterobinson@yahoo.com
542,Stephen Kramer,brenda98@yahoo.com
543,Cody Haney,swalker@smith-jones.com
544,Christopher Gray,michaelshepherd@gmail.com
545,Kathryn Smith,gordonamanda@hotmail.com
546,Brittany Smith,melissa19@fitzgerald-obrien.com
547,Michelle Scott,mgonzales@gmail.com
548,Patricia Ponce,gmurphy@fields.com
549,Cheryl Erickson,yodertracy@hernandez.info
550,Linda White,cassiehill@yahoo.com
551,Diana Parker,arellanoadam@guzman.biz
552,Russell Davis,fordwanda@ingram.net
553,Tony Matthews,xfleming@diaz.com
554,Daniel Valdez,kmalone@haas.info
555,Melissa Harvey,seanrose@hotmail.com
556,Micheal Moreno,hawkinsthomas@gmail.com
557,Jose Davis,cochransarah@gmail.com
558,Lawrence Ramirez,lynn29@yahoo.com
559,Lisa Howard,allison13@yahoo.com
560,Eric Peters,cbooker@may-davis.com
561,Allen Hull,perezkelly@yahoo.com
562,Timothy Braun,bennettkelly@blevins.com
563,Ashley Sanchez,james70@davidson.org
564,Kevin Mcclain,alejandrareyes@gmail.com
565,Joseph Stone,tdixon@howard-smith.info
566,Ronald Peterson,michael59@perry.com
567,Mandy Cortez,browndavid@delgado.com
568,Sabrina Moore,crystaljohnson@gmail.com
569,Kyle James,tmartin@yahoo.com
570,Tracey Price,catherine66@johnson.net
571,Daniel Savage,donna70@ramos.net
572,Ronald Edwards,scottwhitehead@parker.com
573,Brandi Ford,baldwinzachary@gmail.com
574,Mr. Kenneth Jones,kirkgarcia@hotmail.com
575,Stephen Morales,ejohnson@hotmail.com
576,Christina Cox,hunterisaiah@lewis-cardenas.biz
577,Cynthia Butler,ashleydavis@hotmail.com
578,Faith Kelly,david70@gmail.com
579,Beverly Fitzpatrick,morriskayla@alexander.com
580,Misty Hunter,lindseytaylor@kim-pennington.info
581,Michelle Garcia,bpotter@carter.com
582,Cheryl Martinez,mirandachristina@simmons.net
583,Christine Avila,allisonchaney@hotmail.com
584,Heather Hall,rebeccamartin@hotmail.com
585,Karen Anderson,miguellawson@yahoo.com
586,James Phillips,steven09@gmail.com
587,Morgan Hunter,haydenkimberly@lucas-boyle.biz
588,Rebecca Waller,michael23@allen.com
589,Anthony Lee,gabriella78@spence.biz
590,Jamie Bartlett,robertevans@webb-ferguson.com
591,Joshua West,christopherreed@smith-wilson.net
592,Ashley Black,mooreemily@gmail.com
593,Shane Holt,ldean@burns.com
594,Christian Davis,vhurley@carter-davis.com
595,Victoria Marsh,kristin44@yu-greene.com
596,Cynthia Mccarthy,angelawilliamson@yahoo.com
597,Shawn Roman,scott03@alexander.com
598,Katrina Gutierrez,edwardscarolyn@moreno-gutierrez.com
599,Richard Parker,cyoung@hotmail.com
600,Glenn Alexander,yhunter@payne.org
601,Christine Boyd,qsmith@gray-dodson.com
602,Latasha Espinoza,elizabethstevens@henderson.com
603,Teresa Valdez,deckerteresa@hotmail.com
604,Brent Stewart,sarah60@yahoo.com
605,Courtney Stewart,heidishort@gmail.com
606,Jennifer Banks,sherylschmitt@wolfe-olson.info
607,Allison Castaneda,markhaney@yahoo.com
608,Jonathan Dudley,tflores@hotmail.com
609,Vanessa Henderson,vcarter@webster-johnston.com
610,John Rodriguez,kennethrobinson@gmail.com
611,Misty Williams,stephanievang@gmail.com
612,Susan Owens,monica12@hotmail.com
613,Becky Moore,moorechristopher@hotmail.com
614,David Lopez,jonesnicole@hotmail.com
615,Craig Young,ruth14@harvey.com
616,Tammy Miller,spencer83@martin.net
617,Joshua Howard,staceylewis@patterson.com
618,Jamie Thornton,wellsjennifer@gmail.com
619,Stephanie Suarez,umitchell@thompson.com
620,Christopher Miller,daniellemonroe@gmail.com
621,Adam Campbell,tammywatkins@ward-hayes.org
622,Lori Oconnell,dustin71@villarreal-young.com
623,Christopher Jones,brian93@yahoo.com
624,Mark Smith,toddclarke@gmail.com
625,Tara Brewer,williamschristopher@gmail.com
626,Kevin Butler,davisjessica@mercer.com
627,Craig Potter,tonycook@hotmail.com
628,Seth Gibbs,williamsonjose@hoffman.com
629,Krystal Perez,benjamingriffin@chapman.com
630,Ashley Lopez,barbara97@vasquez.com
631,John Lewis,crystalcoleman@gmail.com
632,Theresa Johnson,christopher97@martinez.com
633,Jesus Cline,moranwayne@yahoo.com
634,Barbara Medina,floreshelen@guerra.com
635,Rebecca Smith,hweeks@yahoo.com
636,Anna Lara,thorton@martinez-reyes.com
637,Garrett Graham,wmartinez@yahoo.com
638,Hunter Davis,taylorsmith@walker.biz
639,Jonathan Wilcox,owenschris@hotmail.com
640,John Green,ccollins@sullivan.net
641,Caitlin Jackson,arnoldmichael@yahoo.com
642,Aaron Neal,fblackwell@torres.net
643,Annette Meyer,iriley@flores.biz
644,Julia Chandler,amanda58@herrera.info
645,Stephanie Adams,nkey@yahoo.com
646,Crystal Skinner,alexandra27@hotmail.com
647,Chelsea Rodriguez,charlesronnie@yahoo.com
648,Heather Henderson,preed@yahoo.com
649,Katie Ingram,cherylrivers@gmail.com
650,Nancy Hoffman,randy53@smith.net
651,Crystal Rivas,awolfe@leonard-adams.org
652,Kara Medina,wilsonjeffrey@lewis.com
653,Stephen Mora,riveramegan@gmail.com
654,Brian Harrison,davidjones@gmail.com
655,Sandra Johnson,xhogan@gmail.com
656,Nicholas Gomez,fishermorgan@simmons-green.net
657,Amber Carr,qskinner@hotmail.com
658,Shelly Delgado,kennethwilson@yahoo.com
659,Christopher Randolph,dananewton@gmail.com
660,Mrs. Christine Owens,kathryn25@yahoo.com
661,Sara Ferrell MD,glenngilmore@hotmail.com
662,Kevin Burton,michellelucas@harper.com
663,Vanessa Davis,smithshelby@gmail.com
664,Michelle Green,lindsaybowers@lynn.com
665,Douglas Frost,kristysmith@gmail.com
666,Chad Stone,gomezshawn@salas-west.com
667,Elijah Good,abrady@hotmail.com
668,Carl Cruz,svaughn@fernandez-blevins.net
669,Keith Powers,michelelozano@murray.org
670,Brian Aguilar,listeven@yahoo.com
671,Mark Boyer,hayskathleen@gmail.com
672,Tara Ray,manningalexandra@yahoo.com
673,Lisa Harris,richard95@haynes.com
674,Katherine Hartman,jenniferbrowning@yahoo.com
675,Stephen Compton,jillgilbert@yahoo.com
676,Kenneth Smith DDS,ocopeland@gmail.com
677,Jeffrey Ward,smithrobert@hotmail.com
678,Jeffrey Gutierrez,llevine@webb-carter.net
679,Mrs. Susan Smith DVM,fvargas@cook.com
680,Lisa Davis DVM,chloe75@gmail.com
681,Brittney Williams,jacqueline87@mccoy.com
682,Cassie Galvan,denise33@yahoo.com
683,Tyler Butler,mercadoterri@wilson.com
684,James Ortega,nwood@gmail.com
685,Rose Henson,adriana39@hotmail.com
686,Richard Mccann,santanaallison@gmail.com
687,Matthew Arnold,jonesshawn@hotmail.com
688,Christina James,qhodge@lara.com
689,Tara Sutton,gbrooks@chen.com
690,Barry Frost,judy41@gmail.com
691,Tasha Smith,ericthompson@cabrera.com
692,Travis Stephenson,edwardwalters@jones-jones.info
693,April Arias,michael50@cunningham.com
694,Paul Simpson,tristanherman@gmail.com
695,Larry Woodward,ylin@anderson.info
696,Melissa Knight,julieandrews@webster.info
697,Brian Smith,huanganna@yahoo.com
698,Eric Franco,joshua37@wood.org
699,Deanna Drake,staceyjones@williams-rivera.biz
700,Wanda Lewis,wmiranda@hernandez.com
701,Melanie Stone,brookejackson@yahoo.com
702,Catherine Hatfield,howard21@sampson.biz
703,Andrew Weaver,christine03@edwards-kim.com
704,Kevin Price,luis62@davis-fernandez.com
705,Michelle Johnson,floresrobert@hotmail.com
706,Kathy Ortiz,kevin42@yahoo.com
707,Joshua Ferrell,mbrown@moore.com
708,Colleen Peterson,james74@hotmail.com
709,Stephanie Carlson,brandon97@gmail.com
710,Jimmy Bailey,dominic17@yahoo.com
711,Henry Gross,elliottbridget@hotmail.com
712,Rebecca Miller,andersonjeffrey@yahoo.com
713,Antonio Benitez,mjordan@brown.com
714,Kenneth Sharp,awalker@ali-smith.com
715,Mitchell Hayes,lchang@hotmail.com
716,Randy Brown,awest@garcia.com
717,Nancy Cortez,juanjohnson@gmail.com
718,Scott Walker,klogan@hotmail.com
719,Anthony Jones,bryanjenkins@hotmail.com
720,Cheryl Thompson,msullivan@gmail.com
721,Catherine Simon,ddyer@bowen.org
722,Harold Anderson,davidmeza@hotmail.com
723,Paul Mahoney,williamhines@nelson-robinson.net
724,Evan Guerrero,gcochran@hotmail.com
725,Michelle Phillips,morganhamilton@yahoo.com
726,Dana Case MD,rebecca09@copeland.org
727,Megan Lawrence,phillipstewart@hotmail.com
728,Jason Williams,krista53@hotmail.com
729,Evelyn Wong,shieldsrobert@martin.com
730,Krista Lamb,wendy73@johnson.com
731,Deborah Murphy,figueroatimothy@schultz-garrison.com
732,Belinda Sparks,qgonzalez@hotmail.com
733,Jessica Thompson,luisfox@gmail.com
734,Joyce Montoya,salazareileen@yahoo.com
735,Dawn Thornton,brianmullins@gmail.com
736,Devin Thompson,steven91@thornton.net
737,Michael Woods,walkermatthew@hotmail.com
738,Christian Hill,nelsonstephanie@hotmail.com
739,Diana Riley,brian52@long-romero.org
740,Jennifer Patrick,michael62@gmail.com
741,Laura Williams,zsmith@yahoo.com
742,Amanda Cooper,james32@young-nunez.info
743,Kaitlyn Jacobson,hshaw@gmail.com
744,Michael Hayes,david34@yahoo.com
745,Renee Mendoza,vbrewer@yahoo.com
746,Roger Boyle,derekshields@hotmail.com
747,Kelly Campbell,tammy30@gmail.com
748,Natalie Patterson,danny57@bentley.net
749,Carrie Carpenter,yvaughn@miller.com
750,Gregory Johnson,ebonygarcia@alexander.biz
751,Jason Sparks,pparker@brooks-casey.com
752,Kim Richards,tiffany76@mason-diaz.com
753,Rita Washington,nathanielthompson@gmail.com
754,Michael Anthony,andersonbrooke@gmail.com
755,Mary Campbell,atate@gmail.com
756,Kevin Scott,andrew06@hotmail.com
757,Gary Trevino,christopher63@yahoo.com
758,Mitchell Castaneda,hwade@yahoo.com
759,Hector Olsen,heathervelasquez@gmail.com
760,Jason Harris,aramirez@austin-white.biz
761,Tom Espinoza,alexaglass@yahoo.com
762,Lisa Singleton,probinson@yahoo.com
763,Christine Welch,kathrynramos@jackson.com
764,Jeremy Turner,raymond15@yahoo.com
765,Sara Silva,whitekarl@hotmail.com
766,Ricardo Barajas,alisonedwards@osborne.com
767,Joseph Mora,kellyvaldez@hotmail.com
768,Howard Singh,vgonzales@gmail.com
769,Lisa Martinez,kwiggins@hotmail.com
770,Brandon Hess,roy17@montgomery.com
771,Regina Morris,ktaylor@solis.com
772,Jennifer Mcgee,lmartinez@rodriguez.info
773,Brandon Jones,irichmond@phelps.com
774,Todd Brown,veronicahoffman@martinez-jacobson.com
775,Christina Weber,zperez@miller.com
776,Lisa Lopez,joanna49@gmail.com
777,Sheila Johnson,banderson@gmail.com
778,Andre Phillips,norozco@rush-long.info
779,Crystal Nunez,fdavis@haynes-sawyer.com
780,Christine Johnson,jeffrey77@gmail.com
781,Patricia Chen,elijahkline@hotmail.com
782,Heather Olson,briannabaldwin@contreras.com
783,Chloe Mejia,kingfelicia@yahoo.com
784,Amber Roberts,danielspears@johnson-dean.org
785,Elizabeth Francis,alexa11@fields-hines.info
786,William Richards MD,xsweeney@gmail.com
787,Christopher Potter,qryan@yahoo.com
788,Louis Barber,jamescook@clark.com
789,Lauren Duran,victoriaallen@parker-robinson.net
790,Brandon Kelly,pjohnson@austin.info
791,Kristen Kelley,robertsgregory@gmail.com
792,Vincent Bailey,matthewortiz@swanson-jones.com
793,Nathan King,johnsondonna@hotmail.com
794,Megan Jackson,whitegene@gibbs.com
795,Kyle Meyer,sean91@gmail.com
796,George Ramirez,brandyprice@rice.net
797,Candace Moreno,rsmith@lucas-owens.net
798,Rachel Christensen DDS,matthew81@yahoo.com
799,Shawn Andrews,smccoy@gmail.com
800,Richard Baker,lanemelinda@cortez.com
801,James Love,michellejohnson@yahoo.com
802,Melissa Walsh,wsilva@yahoo.com
803,David Cole,douglasamanda@jordan-williams.com
804,Kenneth Smith,ann77@hotmail.com
805,Manuel Williams,kristywood@yahoo.com
806,James King,gharris@yahoo.com
807,Summer Webster,heathercastro@hotmail.com
808,Jeanette Osborne,deannabowman@leach.com
809,Kathy Norton,zthornton@davis.com
810,Nicole Williams,jennifer42@gmail.com
811,Bianca Smith,kennethallen@rodriguez-hernandez.biz
812,Vanessa Smith,kevin18@yahoo.com
813,Wayne Rogers,xfitzpatrick@hotmail.com
814,Karen Martinez,amanda64@hotmail.com
815,Audrey Hopkins,colemanbethany@blair-vargas.com
816,Mark Stafford,sheryl97@hotmail.com
817,James Tanner,hollandbrooke@hotmail.com
818,Sarah Simpson,nlopez@neal-collins.com
819,Deborah Church,laura40@soto.com
820,Carl Ochoa,bsmith@dickerson.com
821,Cindy Lucero,marymorrison@fernandez.com
822,Zachary Sanchez,riosjonathan@yahoo.com
823,Michael Martin,petercopeland@harrell-wilson.org
824,Taylor Mitchell,lesliesandoval@hunter.com
825,Madeline Johnson,boyerphillip@gmail.com
826,Glenn Garza,brandon59@hotmail.com
827,Alexander Brown,fmorgan@yahoo.com
828,Ashlee Brown,barbarabrown@yahoo.com
829,Jerry Higgins,xzimmerman@yahoo.com
830,Kim Rodriguez,darrellray@gmail.com
831,Maria Long,wesley54@yahoo.com
832,Julie Wilson,suzannebraun@yahoo.com
833,Stacey Ramsey,leethomas@reyes-ware.net
834,Ryan Reynolds,cmiller@harrison-thomas.org
835,Lynn Moore,jennifer19@oliver.com
836,Kevin Nash,jonathan88@gmail.com
837,Kathy Johnson,christian04@gmail.com
838,Laurie Harris,sandra74@yahoo.com
839,Michael Rosario,morrisbrooke@yahoo.com
840,Don Romero,teresa61@potts-glover.com
841,Ronald Medina,walshrobin@maldonado.com
842,Kathy Arnold,pbryan@yahoo.com
843,Casey Zuniga Jr.,deanjones@liu.com
844,Nicholas George,mitchellalexander@smith.com
845,Michael Reed,jeffrey99@moore.com
846,Casey Barnes,cforbes@fisher-baldwin.net
847,Jason Holland,littlejessica@maynard.com
848,Todd Owens,mortonlindsay@mclaughlin-hughes.com
849,Cynthia Barker,ethomas@hotmail.com
850,Dr. Ronald Rogers,debracook@simon-farmer.com
851,Larry Arellano,smithguy@yahoo.com
852,William Vincent,zbarker@yahoo.com
853,Austin Moore,agarrett@hotmail.com
854,Robert Moreno,jenniferwilliamson@williams-foster.biz
855,Joshua Mills,cooperkristi@travis-hampton.com
856,Ariel Miller,handerson@dunn.biz
857,Bradley Goodman,shanecox@hernandez-heath.com
858,Katie Rogers,iwilliams@hotmail.com
859,Mr. Francisco Russell,jessicacortez@yahoo.com
860,Jeff Miller,emily72@gmail.com
861,Rick Daniels,samuel62@delgado-larson.com
862,Melissa White,dyersamantha@yahoo.com
863,Heather Coleman,singletonbrandon@gmail.com
864,Andrea Owens,nicole47@kelly.com
865,Ashley Vance,claudia44@gmail.com
866,Steven Murphy,mary39@hotmail.com
867,Charles Frye,ihill@gmail.com
868,Bradley Hill,williamsolis@yahoo.com
869,Carolyn Meyer,jaimebaker@williams.com
870,Anna Saunders,thomasjohn@hotmail.com
871,James Gutierrez,ebony98@gmail.com
872,John Cook,emiller@gmail.com
873,James Thomas,miranda01@hotmail.com
874,Charlene Weeks,williamsmith@smith-andrade.net
875,Emily Melendez,pateltheresa@romero-strickland.com
876,Christopher Walker,john67@gmail.com
877,Patricia Martinez,djohnson@dalton.com
878,Jerry Adams,ricardohernandez@yahoo.com
879,Dr. David Wade PhD,jwood@hotmail.com
880,Patrick Craig,hbates@gutierrez-branch.com
881,Bridget Conrad,nsmith@hotmail.com
882,Pam Andersen,timothyanthony@bush.com
883,Kathleen Miller,tinagonzalez@zhang.com
884,Laura Jones,adam00@gmail.com
885,Elizabeth Phillips,obarnes@hotmail.com
886,Edward Bailey,kramergregory@schmidt.com
887,Alicia Flores,sandovaljohn@yahoo.com
888,John Ford,lgoodman@yahoo.com
889,Natasha Anderson,fmacdonald@doyle-matthews.com
890,Francisco Mcgrath,adawson@mason.com
891,Alicia Boyd,gibsonlawrence@martin.com
892,Amanda Estrada,wpatterson@patel.com
893,Christopher Miller,james58@yahoo.com
894,Trevor Walker,jennifermelton@gmail.com
895,Deanna Gray,maria34@hotmail.com
896,Edward Ingram,amandaadams@day.com
897,Edward Buchanan,katherine14@yahoo.com
898,Ronald Johnson,johnsontheresa@gmail.com
899,Gregory Moreno,joseph22@hotmail.com
900,Maria Rodriguez,sarah92@yahoo.com
901,Karen Hughes,lmaddox@gmail.com
902,Tyler Johnson,shannontonya@stevens.info
903,Matthew Gray,marymartinez@wilson.info
904,Nathaniel Patton,hendrixkimberly@hotmail.com
905,Brandon Williamson,kingpaige@yahoo.com
906,Jesse Baldwin,rclark@vazquez.net
907,Bryan Williams,cnichols@hotmail.com
908,Sue Moss,justinarroyo@hotmail.com
909,Antonio Martin DDS,colemandawn@gibbs.com
910,Matthew Williams,deannagonzalez@gmail.com
911,Anne Vaughn,hoodamy@gmail.com
912,Andrew Taylor,ryan40@gmail.com
913,Monica Brown,rachelmoore@hart.com
914,Richard Stewart,wsmith@gmail.com
915,Jennifer Miller,allenfred@gmail.com
916,Robin Welch,hlopez@green.biz
917,Sara Bradley,steve69@hotmail.com
918,Robert Shannon,carterthomas@hernandez.org
919,Jessica Hatfield,meyerleah@rios-smith.net
920,Gail Boyer,porterjonathan@yahoo.com
921,Victoria Wilkinson,jeffreyarmstrong@yahoo.com
922,Sherri Campbell,conwaydevin@garcia.com
923,Jonathan Moreno,maxwelljessica@hotmail.com
924,Traci Ford,meganwatson@yahoo.com
925,Charles Davis,marcialamb@yahoo.com
926,Christina Jones,johnbrown@gmail.com
927,Matthew Davis,jacobgreene@bautista.com
928,Mrs. Pamela Odom,jamescrawford@gmail.com
929,Stephanie Collins,david37@yahoo.com
930,Miss Katelyn Jones,heatherhuerta@hotmail.com
931,David Carr,greenstephen@yahoo.com
932,Charles Garcia,nortonbrian@caldwell-wilson.com
933,Ashley Garcia,pinedaamber@hotmail.com
934,Allen Cummings,nicholasward@hotmail.com
935,Amanda Miller,xramirez@yahoo.com
936,William Blake,graynancy@stanley.com
937,Carl Castro,laura35@hotmail.com
938,Jack Noble,adamchavez@hotmail.com
939,Marcus Simon,matthew83@curtis.org
940,Amy Blackwell,sara83@gmail.com
941,Jennifer Coffey,qthomas@anderson.biz
942,Sean Archer,bryandavis@gmail.com
943,Joshua Davis,kvazquez@sheppard.com
944,Sarah Ferguson,zpadilla@wade.biz
945,Zachary Mckee,joseph72@yahoo.com
946,Tanya Newton,judysanchez@yahoo.com
947,Kimberly Mendez,aaron95@hotmail.com
948,Stephen Warren,sheri12@garrett-garza.info
949,Robert Mays,michaeljones@hotmail.com
950,Patricia Castillo,anthonywagner@mann.com
951,Robert Bailey,michaelrobertson@jones-smith.org
952,John Thomas,lowekimberly@hotmail.com
953,Lori Griffin,tylerwilliams@hunter-tran.biz
954,Sally Hanson,stephenbrown@henry-strong.com
955,Ashley Robinson,michelle82@hotmail.com
956,Kimberly Rivera,david21@carpenter.net
957,Stephen Christensen,bethvargas@hotmail.com
958,Juan Jimenez,gentrylisa@yahoo.com
959,Heidi Miller,gmartin@rivera.com
960,Marissa Newman,jleon@hotmail.com
961,John Wilson,richard18@yahoo.com
962,Jennifer Hurley,xrios@stewart-watson.net
963,Christopher Knight,zachary59@hotmail.com
964,Misty Spence,perrymelvin@martinez.com
965,Justin Smith,philipadams@williams.info
966,Craig Flores,matthew83@hernandez.net
967,Jacob Williams,jeremyperez@hotmail.com
968,Melinda Carter,osilva@gmail.com
969,Karen Jones,pdouglas@wilson-gregory.org
970,Shannon Santos,samueljohnson@yahoo.com
971,Lindsey Alvarado,qperez@hotmail.com
972,Ryan Thornton,gravesandrew@yahoo.com
973,Benjamin Davis,stephanie45@perez.net
974,Robert Cruz,fmoore@gmail.com
975,Amanda Davidson,nellis@williams-johnson.com
976,James Tucker,mario24@hotmail.com
977,Todd Salas,hbrady@hotmail.com
978,John Scott,carrollkatrina@hotmail.com
979,Michelle Williams,shannondavies@pierce.biz
980,Michael Johnson,veronica95@anderson-davidson.com
981,Seth Williams,blairthomas@crane.com
982,Sara Collins,andrewporter@yahoo.com
983,Andre Harris,anthony04@gmail.com
984,Tiffany Crawford,alexislewis@gmail.com
985,Christopher Rodriguez,qcummings@yahoo.com
986,Amber Lee,susanmarquez@yahoo.com
987,Emily Nguyen,samuel09@brandt.com
988,John Hodge,desiree96@mason.com
989,Todd Bailey,wrightjay@hotmail.com
990,Diana Sellers,jacksongreg@griffin-porter.com
991,Christopher Reed,charles45@simpson.com
992,Christine Greene,vjones@yahoo.com
993,Deanna Ferguson,garciadaniel@scott-mitchell.com
994,Kristen Elliott,kellybooth@hotmail.com
995,Samantha Martinez,yclark@gmail.com
996,Carol Hart,william62@yahoo.com
997,Nicholas Gardner,thomas31@frey-young.com
998,Suzanne Patterson MD,nelsonalexandra@jennings-vance.com
999,John Pace,kristenchen@gmail.com
1000,David Martin,shane05@yahoo.com
